"date","week","ccLabel","day_count","lTemp","sdPos","tank","trt","water","ind","log.sdPos","log.lTemp","day_number","log.day_number"
"10/24/2019","week1","tank4_heating_yes_Red","D1",15.87438614,2.54950975679639,"tank4","heating","yes","Red",0.935901088450796,2.76470687568466,1,0
"10/24/2019","week1","tank2_control_yes_Red","D1",16.5251405966667,1.30384048104053,"tank2","control","yes","Red",0.265314125531085,2.80488289382057,1,0
"10/24/2019","week1","tank2_control_no_Red","D1",16.8149985566667,1.6431676725155,"tank2","control","no","Red",0.496625886505142,2.82227125935617,1,0
"10/24/2019","week1","tank1_control_yes_Red","D1",16.99533835,1.48323969741913,"tank1","control","yes","Red",0.394228680182135,2.83293909174661,1,0
"10/24/2019","week1","tank1_control_no_Red","D1",16.3690810266667,1.09544511501033,"tank1","control","no","Red",0.0911607783969774,2.79539425215709,1,0
"10/25/2019","week1","tank4_heating_no_Red","D2",16.0412237,1.51657508881031,"tank4","heating","no","Red",0.416454561467552,2.77516189005209,2,0.693147180559945
"10/25/2019","week1","tank3_heating_no_Red","D2",15.6827939466667,2.19089023002066,"tank3","heating","no","Red",0.784307958956923,2.75256418442328,2,0.693147180559945
"10/25/2019","week1","tank2_control_yes_Red","D2",16.6612144066667,1.14017542509914,"tank2","control","yes","Red",0.131182132233746,2.81308352763951,2,0.693147180559945
"10/25/2019","week1","tank2_control_no_Red","D2",16.83428366,2.28035085019828,"tank2","control","no","Red",0.824329312793691,2.82341750106918,2,0.693147180559945
"10/25/2019","week1","tank1_control_no_Red","D2",16.1835317133333,1.67332005306815,"tank1","control","no","Red",0.514809708590579,2.78399416428451,2,0.693147180559945
"10/26/2019","week1","tank3_heating_yes_Red","D3",15.94827614,1.30384048104053,"tank3","heating","yes","Red",0.265314125531085,2.76935074439303,3,1.09861228866811
"10/26/2019","week1","tank2_control_no_Red","D3",17.26819847,1.78885438199983,"tank2","control","no","Red",0.58157540490284,2.8488665711412,3,1.09861228866811
"10/26/2019","week1","tank1_control_no_Red","D3",16.25071336,1.14017542509914,"tank1","control","no","Red",0.131182132233746,2.78813680688913,3,1.09861228866811
"10/27/2019","week1","tank4_heating_yes_Red","D4",15.9613140466667,1.09544511501033,"tank4","heating","yes","Red",0.0911607783969774,2.77016792238347,4,1.38629436111989
"10/27/2019","week1","tank4_heating_no_Red","D4",16.21725353,1.14017542509914,"tank4","heating","no","Red",0.131182132233746,2.78607570820941,4,1.38629436111989
"10/27/2019","week1","tank2_control_yes_Red","D4",16.66121441,1.22474487139159,"tank2","control","yes","Red",0.202732554054082,2.81308352783958,4,1.38629436111989
"10/28/2019","week1","tank3_heating_no_Red","D5",15.8428858833333,1.6431676725155,"tank3","heating","no","Red",0.496625886505142,2.76272055939615,5,1.6094379124341
"10/28/2019","week1","tank1_control_yes_Red","D5",16.7196670866667,1.30384048104053,"tank1","control","yes","Red",0.265314125531085,2.8165856963738,5,1.6094379124341
"10/24/2019","week1","tank4_heating_yes_Yellow","D1",15.87438614,1.67332005306815,"tank4","heating","yes","Yellow",0.514809708590579,2.76470687568466,1,0
"10/24/2019","week1","tank4_heating_no_Yellow","D1",16.07963021,1.22474487139159,"tank4","heating","no","Yellow",0.202732554054082,2.77755326659584,1,0
"10/24/2019","week1","tank3_heating_no_Yellow","D1",16.09583115,1.22474487139159,"tank3","heating","no","Yellow",0.202732554054082,2.77856030367841,1,0
"10/24/2019","week1","tank2_control_yes_Yellow","D1",16.5251405966667,1.30384048104053,"tank2","control","yes","Yellow",0.265314125531085,2.80488289382057,1,0
"10/24/2019","week1","tank2_control_no_Yellow","D1",16.8149985566667,1.94935886896179,"tank2","control","no","Yellow",0.66750053336617,2.82227125935617,1,0
"10/24/2019","week1","tank1_control_yes_Yellow","D1",16.99533835,1.22474487139159,"tank1","control","yes","Yellow",0.202732554054082,2.83293909174661,1,0
"10/24/2019","week1","tank1_control_no_Yellow","D1",16.3690810266667,2.12132034355964,"tank1","control","no","Yellow",0.752038698388137,2.79539425215709,1,0
"10/25/2019","week1","tank3_heating_yes_Yellow","D2",15.9418602066667,1.22474487139159,"tank3","heating","yes","Yellow",0.202732554054082,2.7689483670968,2,0.693147180559945
"10/25/2019","week1","tank2_control_yes_Yellow","D2",16.6612144066667,1.22474487139159,"tank2","control","yes","Yellow",0.202732554054082,2.81308352763951,2,0.693147180559945
"10/25/2019","week1","tank2_control_no_Yellow","D2",16.83428366,1.30384048104053,"tank2","control","no","Yellow",0.265314125531085,2.82341750106918,2,0.693147180559945
"10/25/2019","week1","tank1_control_no_Yellow","D2",16.1835317133333,2.30217288664427,"tank1","control","no","Yellow",0.833853410279038,2.78399416428451,2,0.693147180559945
"10/26/2019","week1","tank4_heating_no_Yellow","D3",16.2524595,1.92353840616713,"tank4","heating","no","Yellow",0.65416640982509,2.78824425116906,3,1.09861228866811
"10/26/2019","week1","tank3_heating_yes_Yellow","D3",15.94827614,1.51657508881031,"tank3","heating","yes","Yellow",0.416454561467552,2.76935074439303,3,1.09861228866811
"10/27/2019","week1","tank4_heating_yes_Yellow","D4",15.9613140466667,1.51657508881031,"tank4","heating","yes","Yellow",0.416454561467552,2.77016792238347,4,1.38629436111989
"10/28/2019","week1","tank4_heating_yes_Yellow","D5",15.8840447933333,1.09544511501033,"tank4","heating","yes","Yellow",0.0911607783969772,2.76531513329357,5,1.6094379124341
"10/28/2019","week1","tank2_control_yes_Yellow","D5",16.6547347033333,1.09544511501033,"tank2","control","yes","Yellow",0.0911607783969774,2.81269454256851,5,1.6094379124341
"10/28/2019","week1","tank2_control_no_Yellow","D5",17.1235602,1.30384048104053,"tank2","control","no","Yellow",0.265314125531085,2.8404553047013,5,1.6094379124341
"10/28/2019","week1","tank1_control_no_Yellow","D5",16.1963282166667,1.30384048104053,"tank1","control","no","Yellow",0.265314125531085,2.78478456325642,5,1.6094379124341
"10/24/2019","week1","tank4_heating_yes_Black","D1",15.87438614,1.09544511501033,"tank4","heating","yes","Black",0.0911607783969774,2.76470687568466,1,0
"10/24/2019","week1","tank3_heating_no_Black","D1",16.09583115,3.03315017762062,"tank3","heating","no","Black",1.1096017420275,2.77856030367841,1,0
"10/24/2019","week1","tank2_control_no_Black","D1",16.8149985566667,1.78885438199983,"tank2","control","no","Black",0.58157540490284,2.82227125935617,1,0
"10/24/2019","week1","tank1_control_no_Black","D1",16.3690810266667,1.09544511501033,"tank1","control","no","Black",0.0911607783969774,2.79539425215709,1,0
"10/25/2019","week1","tank3_heating_yes_Black","D2",15.9418602066667,1.14017542509914,"tank3","heating","yes","Black",0.131182132233746,2.7689483670968,2,0.693147180559945
"10/25/2019","week1","tank3_heating_no_Black","D2",15.6827939466667,1.94935886896179,"tank3","heating","no","Black",0.66750053336617,2.75256418442328,2,0.693147180559945
"10/25/2019","week1","tank2_control_yes_Black","D2",16.6612144066667,3.27108544675922,"tank2","control","yes","Black",1.18512187073393,2.81308352763951,2,0.693147180559945
"10/25/2019","week1","tank2_control_no_Black","D2",16.83428366,1.09544511501033,"tank2","control","no","Black",0.0911607783969774,2.82341750106918,2,0.693147180559945
"10/25/2019","week1","tank1_control_yes_Black","D2",16.7324890033333,1.22474487139159,"tank1","control","yes","Black",0.202732554054082,2.8173522787884,2,0.693147180559945
"10/25/2019","week1","tank1_control_no_Black","D2",16.1835317133333,4.27784992724149,"tank1","control","no","Black",1.45345052992369,2.78399416428451,2,0.693147180559945
"10/26/2019","week1","tank3_heating_no_Black","D3",15.7340233666667,2,"tank3","heating","no","Black",0.693147180559945,2.75582546101251,3,1.09861228866811
"10/26/2019","week1","tank1_control_yes_Black","D3",16.7228725633333,2.34520787991171,"tank1","control","yes","Black",0.852374046119213,2.81677739692705,3,1.09861228866811
"10/27/2019","week1","tank3_heating_no_Black","D4",15.7948583033333,1.34164078649987,"tank3","heating","no","Black",0.29389333245106,2.75968446323143,4,1.38629436111989
"10/27/2019","week1","tank2_control_yes_Black","D4",16.66121441,1.30384048104053,"tank2","control","yes","Black",0.265314125531085,2.81308352783958,4,1.38629436111989
"10/28/2019","week1","tank3_heating_no_Black","D5",15.8428858833333,1.22474487139159,"tank3","heating","no","Black",0.202732554054082,2.76272055939615,5,1.6094379124341
"10/28/2019","week1","tank2_control_yes_Black","D5",16.6547347033333,2.16794833886788,"tank2","control","yes","Black",0.773781254358006,2.81269454256851,5,1.6094379124341
"10/28/2019","week1","tank2_control_no_Black","D5",17.1235602,1.8165902124585,"tank2","control","no","Black",0.596961234236217,2.8404553047013,5,1.6094379124341
"10/24/2019","week1","tank4_heating_yes_White","D1",15.87438614,1.6431676725155,"tank4","heating","yes","White",0.496625886505142,2.76470687568466,1,0
"10/24/2019","week1","tank3_heating_yes_White","D1",16.1118823433333,2.38746727726266,"tank3","heating","yes","White",0.870233087420252,2.77955703352485,1,0
"10/24/2019","week1","tank3_heating_no_White","D1",16.09583115,2.58843582110896,"tank3","heating","no","White",0.95105376319846,2.77856030367841,1,0
"10/24/2019","week1","tank2_control_yes_White","D1",16.5251405966667,2.68328157299975,"tank2","control","yes","White",0.987040513011005,2.80488289382057,1,0
"10/24/2019","week1","tank2_control_no_White","D1",16.8149985566667,1.6431676725155,"tank2","control","no","White",0.496625886505142,2.82227125935617,1,0
"10/24/2019","week1","tank1_control_yes_White","D1",16.99533835,2.16794833886788,"tank1","control","yes","White",0.773781254358007,2.83293909174661,1,0
"10/25/2019","week1","tank4_heating_yes_White","D2",15.8389710666667,1.4142135623731,"tank4","heating","yes","White",0.346573590279973,2.76247342636397,2,0.693147180559945
"10/25/2019","week1","tank4_heating_no_White","D2",16.0412237,1.09544511501033,"tank4","heating","no","White",0.0911607783969774,2.77516189005209,2,0.693147180559945
"10/25/2019","week1","tank3_heating_yes_White","D2",15.9418602066667,1.30384048104053,"tank3","heating","yes","White",0.265314125531085,2.7689483670968,2,0.693147180559945
"10/25/2019","week1","tank3_heating_no_White","D2",15.6827939466667,1.6431676725155,"tank3","heating","no","White",0.496625886505142,2.75256418442328,2,0.693147180559945
"10/25/2019","week1","tank2_control_yes_White","D2",16.6612144066667,2.19089023002066,"tank2","control","yes","White",0.784307958956923,2.81308352763951,2,0.693147180559945
"10/25/2019","week1","tank2_control_no_White","D2",16.83428366,2.23606797749979,"tank2","control","no","White",0.80471895621705,2.82341750106918,2,0.693147180559945
"10/25/2019","week1","tank1_control_yes_White","D2",16.7324890033333,1.48323969741913,"tank1","control","yes","White",0.394228680182135,2.8173522787884,2,0.693147180559945
"10/25/2019","week1","tank1_control_no_White","D2",16.1835317133333,1.14017542509914,"tank1","control","no","White",0.131182132233746,2.78399416428451,2,0.693147180559945
"10/26/2019","week1","tank4_heating_yes_White","D3",15.99672912,1.67332005306815,"tank4","heating","yes","White",0.514809708590579,2.77238427134112,3,1.09861228866811
"10/26/2019","week1","tank4_heating_no_White","D3",16.2524595,1.22474487139159,"tank4","heating","no","White",0.202732554054082,2.78824425116906,3,1.09861228866811
"10/26/2019","week1","tank3_heating_yes_White","D3",15.94827614,1.48323969741913,"tank3","heating","yes","White",0.394228680182135,2.76935074439303,3,1.09861228866811
"10/26/2019","week1","tank3_heating_no_White","D3",15.7340233666667,1.51657508881031,"tank3","heating","no","White",0.416454561467552,2.75582546101251,3,1.09861228866811
"10/26/2019","week1","tank2_control_no_White","D3",17.26819847,1.78885438199983,"tank2","control","no","White",0.58157540490284,2.8488665711412,3,1.09861228866811
"10/26/2019","week1","tank1_control_yes_White","D3",16.7228725633333,1.14017542509914,"tank1","control","yes","White",0.131182132233746,2.81677739692705,3,1.09861228866811
"10/27/2019","week1","tank4_heating_yes_White","D4",15.9613140466667,1.14017542509914,"tank4","heating","yes","White",0.131182132233746,2.77016792238347,4,1.38629436111989
"10/27/2019","week1","tank4_heating_no_White","D4",16.21725353,1.14017542509914,"tank4","heating","no","White",0.131182132233745,2.78607570820941,4,1.38629436111989
"10/27/2019","week1","tank3_heating_yes_White","D4",15.9771478233333,1.14017542509914,"tank3","heating","yes","White",0.131182132233746,2.77115944026109,4,1.38629436111989
"10/27/2019","week1","tank2_control_yes_White","D4",16.66121441,1.78885438199983,"tank2","control","yes","White",0.58157540490284,2.81308352783958,4,1.38629436111989
"10/27/2019","week1","tank1_control_yes_White","D4",16.6812013266667,2.23606797749979,"tank1","control","yes","White",0.80471895621705,2.81428241631956,4,1.38629436111989
"10/28/2019","week1","tank3_heating_yes_White","D5",15.9963956066667,1.14017542509914,"tank3","heating","yes","White",0.131182132233746,2.77236342227832,5,1.6094379124341
"10/28/2019","week1","tank2_control_yes_White","D5",16.6547347033333,1.30384048104053,"tank2","control","yes","White",0.265314125531085,2.81269454256851,5,1.6094379124341
"10/28/2019","week1","tank2_control_no_White","D5",17.1235602,1.34164078649987,"tank2","control","no","White",0.29389333245106,2.8404553047013,5,1.6094379124341
"10/28/2019","week1","tank1_control_yes_White","D5",16.7196670866667,1.30384048104053,"tank1","control","yes","White",0.265314125531085,2.8165856963738,5,1.6094379124341
"11/1/2019","week2","tank4_heating_yes_Red","D6",20.8003008633333,1.14017542509914,"tank4","heating","yes","Red",0.131182132233746,3.034967451186,6,1.79175946922805
"11/1/2019","week2","tank3_heating_yes_Red","D6",19.8876568666667,1.30384048104053,"tank3","heating","yes","Red",0.265314125531085,2.99009928133445,6,1.79175946922805
"11/2/2019","week2","tank3_heating_yes_Red","D7",21.20933835,2.44948974278318,"tank3","heating","yes","Red",0.895879734614027,3.05444157289906,7,1.94591014905531
"11/2/2019","week2","tank3_heating_no_Red","D7",26.2168435233333,1.30384048104053,"tank3","heating","no","Red",0.265314125531085,3.26640208677655,7,1.94591014905531
"11/2/2019","week2","tank1_control_yes_Red","D7",16.4407903366667,1.14017542509914,"tank1","control","yes","Red",0.131182132233746,2.799765462479,7,1.94591014905531
"11/4/2019","week2","tank3_heating_yes_Red","D9",21.20292242,4.86826457785523,"tank3","heating","yes","Red",1.58273752407054,3.05413902217753,9,2.19722457733622
"11/4/2019","week2","tank3_heating_no_Red","D9",26.65869727,1.51657508881031,"tank3","heating","no","Red",0.416454561467552,3.2831154489655,9,2.19722457733622
"11/5/2019","week2","tank4_heating_no_Red","D10",23.83454439,5.31977443130816,"tank4","heating","no","Red",1.6714309023246,3.17113597330732,10,2.30258509299405
"11/5/2019","week2","tank3_heating_no_Red","D10",27.0717344766667,1.14017542509914,"tank3","heating","no","Red",0.131182132233746,3.29849017533296,10,2.30258509299405
"11/5/2019","week2","tank1_control_no_Red","D10",15.6396802766667,1.34164078649987,"tank1","control","no","Red",0.29389333245106,2.74981129223984,10,2.30258509299405
"11/1/2019","week2","tank4_heating_yes_Yellow","D6",20.8003008633333,1.14017542509914,"tank4","heating","yes","Yellow",0.131182132233746,3.034967451186,6,1.79175946922805
"11/1/2019","week2","tank4_heating_no_Yellow","D6",23.41847388,1.51657508881031,"tank4","heating","no","Yellow",0.416454561467552,3.15352519293791,6,1.79175946922805
"11/1/2019","week2","tank2_control_yes_Yellow","D6",16.4895022166667,1.14017542509914,"tank2","control","yes","Yellow",0.131182132233746,2.80272394913386,6,1.79175946922805
"11/1/2019","week2","tank2_control_no_Yellow","D6",16.5578638566667,2.19089023002066,"tank2","control","no","Yellow",0.784307958956923,2.80686114647401,6,1.79175946922805
"11/1/2019","week2","tank1_control_no_Yellow","D6",15.8284287166667,1.30384048104053,"tank1","control","no","Yellow",0.265314125531085,2.76180760912216,6,1.79175946922805
"11/2/2019","week2","tank4_heating_no_Yellow","D7",25.41241178,1.51657508881031,"tank4","heating","no","Yellow",0.416454561467552,3.23523770742852,7,1.94591014905531
"11/2/2019","week2","tank3_heating_yes_Yellow","D7",21.20933835,1.14017542509914,"tank3","heating","yes","Yellow",0.131182132233746,3.05444157289906,7,1.94591014905531
"11/2/2019","week2","tank2_control_yes_Yellow","D7",16.2983509066667,1.30384048104053,"tank2","control","yes","Yellow",0.265314125531085,2.7910639313244,7,1.94591014905531
"11/3/2019","week2","tank4_heating_yes_Yellow","D8",22.28451438,1.14017542509914,"tank4","heating","yes","Yellow",0.131182132233746,3.10389201482162,8,2.07944154167984
"11/3/2019","week2","tank4_heating_no_Yellow","D8",28.63535796,1.30384048104053,"tank4","heating","no","Yellow",0.265314125531085,3.35464224655344,8,2.07944154167984
"11/3/2019","week2","tank3_heating_yes_Yellow","D8",22.12681627,2.86356421265527,"tank3","heating","yes","Yellow",1.0520670771351,3.09679027882412,8,2.07944154167984
"11/3/2019","week2","tank1_control_no_Yellow","D8",15.88281386,3.20936130717624,"tank1","control","no","Yellow",1.1660719476178,2.76523763533588,8,2.07944154167984
"11/4/2019","week2","tank4_heating_yes_Yellow","D9",22.5098830266667,1.67332005306815,"tank4","heating","yes","Yellow",0.514809708590579,3.11395445839988,9,2.19722457733622
"11/4/2019","week2","tank4_heating_no_Yellow","D9",24.6858886633333,1.58113883008419,"tank4","heating","no","Yellow",0.458145365937078,3.20623177119787,9,2.19722457733622
"11/4/2019","week2","tank3_heating_yes_Yellow","D9",21.20292242,2.16794833886788,"tank3","heating","yes","Yellow",0.773781254358006,3.05413902217753,9,2.19722457733622
"11/4/2019","week2","tank1_control_no_Yellow","D9",15.61408727,1.30384048104053,"tank1","control","no","Yellow",0.265314125531085,2.74817353689729,9,2.19722457733622
"11/5/2019","week2","tank4_heating_no_Yellow","D10",23.83454439,1.09544511501033,"tank4","heating","no","Yellow",0.0911607783969772,3.17113597330732,10,2.30258509299405
"11/5/2019","week2","tank3_heating_yes_Yellow","D10",21.2799135766667,2.19089023002066,"tank3","heating","yes","Yellow",0.784307958956923,3.05776360321833,10,2.30258509299405
"11/5/2019","week2","tank1_control_yes_Yellow","D10",16.4536122566667,1.09544511501033,"tank1","control","yes","Yellow",0.0911607783969772,2.80054504317593,10,2.30258509299405
"11/5/2019","week2","tank1_control_no_Yellow","D10",15.6396802766667,1.51657508881031,"tank1","control","no","Yellow",0.416454561467552,2.74981129223984,10,2.30258509299405
"11/1/2019","week2","tank3_heating_no_Black","D6",24.5422818433333,4.38178046004133,"tank3","heating","no","Black",1.47745513951687,3.20039741961087,6,1.79175946922805
"11/1/2019","week2","tank2_control_yes_Black","D6",16.4895022166667,3.78153408023781,"tank2","control","yes","Black",1.33012976863293,2.80272394913386,6,1.79175946922805
"11/1/2019","week2","tank1_control_yes_Black","D6",16.4792560966667,1.09544511501033,"tank1","control","yes","Black",0.0911607783969774,2.80210238369712,6,1.79175946922805
"11/1/2019","week2","tank1_control_no_Black","D6",15.8284287166667,3.13049516849971,"tank1","control","no","Black",1.14119119283826,2.76180760912216,6,1.79175946922805
"11/2/2019","week2","tank4_heating_yes_Black","D7",22.6129086933333,1.14017542509914,"tank4","heating","yes","Black",0.131182132233746,3.11852092433734,7,1.94591014905531
"11/2/2019","week2","tank2_control_yes_Black","D7",16.2983509066667,1.48323969741913,"tank2","control","yes","Black",0.394228680182135,2.7910639313244,7,1.94591014905531
"11/2/2019","week2","tank1_control_yes_Black","D7",16.4407903366667,1.92353840616713,"tank1","control","yes","Black",0.65416640982509,2.799765462479,7,1.94591014905531
"11/3/2019","week2","tank3_heating_no_Black","D8",26.7291377266667,1.78885438199983,"tank3","heating","no","Black",0.581575404902841,3.28575427099477,8,2.07944154167984
"11/3/2019","week2","tank1_control_yes_Black","D8",16.41835198,1.09544511501033,"tank1","control","yes","Black",0.0911607783969774,2.79839973236115,8,2.07944154167984
"11/4/2019","week2","tank3_heating_no_Black","D9",26.65869727,1.14017542509914,"tank3","heating","no","Black",0.131182132233746,3.2831154489655,9,2.19722457733622
"11/5/2019","week2","tank3_heating_no_Black","D10",27.0717344766667,1.67332005306815,"tank3","heating","no","Black",0.514809708590579,3.29849017533296,10,2.30258509299405
"11/5/2019","week2","tank2_control_yes_Black","D10",16.27567194,2.07364413533277,"tank2","control","yes","Black",0.729307511349758,2.78967147387831,10,2.30258509299405
"11/5/2019","week2","tank2_control_no_Black","D10",15.4200428033333,1.78885438199983,"tank2","control","no","Black",0.58157540490284,2.73566814396358,10,2.30258509299405
"11/5/2019","week2","tank1_control_yes_Black","D10",16.4536122566667,2.07364413533277,"tank1","control","yes","Black",0.729307511349758,2.80054504317593,10,2.30258509299405
"11/5/2019","week2","tank1_control_no_Black","D10",15.6396802766667,2.07364413533277,"tank1","control","no","Black",0.729307511349758,2.74981129223984,10,2.30258509299405
"11/1/2019","week2","tank4_heating_yes_White","D6",20.8003008633333,1.09544511501033,"tank4","heating","yes","White",0.0911607783969774,3.034967451186,6,1.79175946922805
"11/1/2019","week2","tank3_heating_yes_White","D6",19.8876568666667,1.73205080756888,"tank3","heating","yes","White",0.549306144334055,2.99009928133445,6,1.79175946922805
"11/1/2019","week2","tank3_heating_no_White","D6",24.5422818433333,1.30384048104053,"tank3","heating","no","White",0.265314125531085,3.20039741961087,6,1.79175946922805
"11/1/2019","week2","tank2_control_yes_White","D6",16.4895022166667,1.51657508881031,"tank2","control","yes","White",0.416454561467552,2.80272394913386,6,1.79175946922805
"11/1/2019","week2","tank2_control_no_White","D6",16.5578638566667,1.09544511501033,"tank2","control","no","White",0.0911607783969774,2.80686114647401,6,1.79175946922805
"11/1/2019","week2","tank1_control_no_White","D6",15.8284287166667,1.09544511501033,"tank1","control","no","White",0.0911607783969772,2.76180760912216,6,1.79175946922805
"11/2/2019","week2","tank4_heating_yes_White","D7",22.6129086933333,1.14017542509914,"tank4","heating","yes","White",0.131182132233745,3.11852092433734,7,1.94591014905531
"11/2/2019","week2","tank4_heating_no_White","D7",25.41241178,1.22474487139159,"tank4","heating","no","White",0.202732554054082,3.23523770742852,7,1.94591014905531
"11/2/2019","week2","tank3_heating_yes_White","D7",21.20933835,12.300406497348,"tank3","heating","yes","White",2.50963231039715,3.05444157289906,7,1.94591014905531
"11/2/2019","week2","tank3_heating_no_White","D7",26.2168435233333,1.78885438199983,"tank3","heating","no","White",0.58157540490284,3.26640208677655,7,1.94591014905531
"11/3/2019","week2","tank4_heating_yes_White","D8",22.28451438,2.30217288664427,"tank4","heating","yes","White",0.833853410279038,3.10389201482162,8,2.07944154167984
"11/3/2019","week2","tank3_heating_yes_White","D8",22.12681627,6.76017751246223,"tank3","heating","yes","White",1.91104914895008,3.09679027882412,8,2.07944154167984
"11/4/2019","week2","tank3_heating_yes_White","D9",21.20292242,3.11448230047949,"tank3","heating","yes","White",1.13606294275467,3.05413902217753,9,2.19722457733622
"11/4/2019","week2","tank1_control_yes_White","D9",16.4536122566667,2.30217288664427,"tank1","control","yes","White",0.833853410279038,2.80054504317593,9,2.19722457733622
"11/5/2019","week2","tank4_heating_yes_White","D10",22.4583701933333,2.19089023002066,"tank4","heating","yes","White",0.784307958956923,3.1116633818213,10,2.30258509299405
"11/5/2019","week2","tank3_heating_yes_White","D10",21.2799135766667,1.4142135623731,"tank3","heating","yes","White",0.346573590279973,3.05776360321833,10,2.30258509299405
"11/8/2019","week3","tank4_heating_yes_Red","D11",25.2786978366667,3.13049516849971,"tank4","heating","yes","Red",1.14119119283826,3.22996205832646,11,2.39789527279837
"11/8/2019","week3","tank4_heating_no_Red","D11",31.8743068433333,8.61974477580398,"tank4","heating","no","Red",2.15405547586186,3.46180025715064,11,2.39789527279837
"11/8/2019","week3","tank3_heating_yes_Red","D11",22.3770375233333,1.51657508881031,"tank3","heating","yes","Red",0.416454561467552,3.10803532251033,11,2.39789527279837
"11/8/2019","week3","tank2_control_yes_Red","D11",16.3080704666667,1.34164078649987,"tank2","control","yes","Red",0.29389333245106,2.79166010593533,11,2.39789527279837
"11/8/2019","week3","tank2_control_no_Red","D11",16.9564226433333,1.73205080756888,"tank2","control","no","Red",0.549306144334055,2.83064667906635,11,2.39789527279837
"11/9/2019","week3","tank4_heating_yes_Red","D12",25.3946,1.78885438199983,"tank4","heating","yes","Red",0.58157540490284,3.23453655299705,12,2.484906649788
"11/9/2019","week3","tank4_heating_no_Red","D12",31.8839066666667,7.09224929059886,"tank4","heating","no","Red",1.95900253855285,3.46210138928334,12,2.484906649788
"11/9/2019","week3","tank3_heating_yes_Red","D12",26.3677466666667,3.67423461417477,"tank3","heating","yes","Red",1.30134484272219,3.27214154607573,12,2.484906649788
"11/9/2019","week3","tank2_control_yes_Red","D12",16.30807,1.34164078649987,"tank2","control","yes","Red",0.29389333245106,2.79166007731964,12,2.484906649788
"11/9/2019","week3","tank1_control_yes_Red","D12",16.2997466666667,1.22474487139159,"tank1","control","yes","Red",0.202732554054082,2.79114956576965,12,2.484906649788
"11/10/2019","week3","tank4_heating_no_Red","D13",33.4105666666667,6.64830805543787,"tank4","heating","no","Red",1.89436239454183,3.50887221721455,13,2.56494935746154
"11/10/2019","week3","tank3_heating_yes_Red","D13",26.3549133333333,3.84707681233427,"tank3","heating","yes","Red",1.34731359038503,3.2716547218682,13,2.56494935746154
"11/10/2019","week3","tank1_control_yes_Red","D13",16.29013,1.51657508881031,"tank1","control","yes","Red",0.416454561467552,2.79055940293816,13,2.56494935746154
"11/11/2019","week3","tank4_heating_no_Red","D14",34.38993,8.73498712076898,"tank4","heating","no","Red",2.16733646914521,3.53776378896667,14,2.63905732961526
"11/11/2019","week3","tank3_heating_yes_Red","D14",26.25226,3.42052627529741,"tank3","heating","yes","Red",1.22979442090186,3.26775208056975,14,2.63905732961526
"11/11/2019","week3","tank3_heating_no_Red","D14",29.1913533333333,1.22474487139159,"tank3","heating","no","Red",0.202732554054082,3.37387254670097,14,2.63905732961526
"11/11/2019","week3","tank1_control_yes_Red","D14",16.38309,1.14017542509914,"tank1","control","yes","Red",0.131182132233746,2.7962497053224,14,2.63905732961526
"11/12/2019","week3","tank4_heating_no_Red","D15",31.18619,7.95612971236643,"tank4","heating","no","Red",2.07394266457507,3.43997536862153,15,2.70805020110221
"11/12/2019","week3","tank3_heating_yes_Red","D15",26.1303566666667,1.87082869338697,"tank3","heating","yes","Red",0.626381484247684,3.26309772913958,15,2.70805020110221
"11/12/2019","week3","tank3_heating_no_Red","D15",29.8381266666667,2.16794833886788,"tank3","heating","no","Red",0.773781254358006,3.39578699409766,15,2.70805020110221
"11/12/2019","week3","tank1_control_yes_Red","D15",16.3606533333333,1.6431676725155,"tank1","control","yes","Red",0.496625886505142,2.79487926517755,15,2.70805020110221
"11/8/2019","week3","tank4_heating_yes_Yellow","D11",25.2786978366667,1.30384048104053,"tank4","heating","yes","Yellow",0.265314125531085,3.22996205832646,11,2.39789527279837
"11/8/2019","week3","tank4_heating_no_Yellow","D11",31.8743068433333,1.78885438199983,"tank4","heating","no","Yellow",0.58157540490284,3.46180025715064,11,2.39789527279837
"11/8/2019","week3","tank3_heating_yes_Yellow","D11",22.3770375233333,2.28035085019828,"tank3","heating","yes","Yellow",0.824329312793691,3.10803532251033,11,2.39789527279837
"11/8/2019","week3","tank3_heating_no_Yellow","D11",29.7484716933333,3.03315017762062,"tank3","heating","no","Yellow",1.1096017420275,3.39277775901941,11,2.39789527279837
"11/8/2019","week3","tank2_control_yes_Yellow","D11",16.3080704666667,1.58113883008419,"tank2","control","yes","Yellow",0.458145365937078,2.79166010593533,11,2.39789527279837
"11/8/2019","week3","tank1_control_yes_Yellow","D11",16.33821498,1.09544511501033,"tank1","control","yes","Yellow",0.0911607783969772,2.79350684111442,11,2.39789527279837
"11/9/2019","week3","tank4_heating_yes_Yellow","D12",25.3946,1.30384048104053,"tank4","heating","yes","Yellow",0.265314125531085,3.23453655299705,12,2.484906649788
"11/9/2019","week3","tank4_heating_no_Yellow","D12",31.8839066666667,2.07364413533277,"tank4","heating","no","Yellow",0.729307511349758,3.46210138928334,12,2.484906649788
"11/9/2019","week3","tank3_heating_yes_Yellow","D12",26.3677466666667,3.89871773792359,"tank3","heating","yes","Yellow",1.36064771392612,3.27214154607573,12,2.484906649788
"11/9/2019","week3","tank3_heating_no_Yellow","D12",30.4848966666667,1.51657508881031,"tank3","heating","no","Yellow",0.416454561467552,3.41723136970885,12,2.484906649788
"11/10/2019","week3","tank4_heating_yes_Yellow","D13",25.3656266666667,1.14017542509914,"tank4","heating","yes","Yellow",0.131182132233746,3.23339497667312,13,2.56494935746154
"11/10/2019","week3","tank4_heating_no_Yellow","D13",33.4105666666667,1.6431676725155,"tank4","heating","no","Yellow",0.496625886505142,3.50887221721455,13,2.56494935746154
"11/11/2019","week3","tank4_heating_no_Yellow","D14",34.38993,1.4142135623731,"tank4","heating","no","Yellow",0.346573590279973,3.53776378896667,14,2.63905732961526
"11/11/2019","week3","tank3_heating_yes_Yellow","D14",26.25226,4.08656334834051,"tank3","heating","yes","Yellow",1.40770435971135,3.26775208056975,14,2.63905732961526
"11/11/2019","week3","tank3_heating_no_Yellow","D14",29.1913533333333,1.4142135623731,"tank3","heating","no","Yellow",0.346573590279973,3.37387254670097,14,2.63905732961526
"11/11/2019","week3","tank1_control_no_Yellow","D14",15.66847,2.68328157299975,"tank1","control","no","Yellow",0.987040513011005,2.7516504128007,14,2.63905732961526
"11/12/2019","week3","tank4_heating_yes_Yellow","D15",25.23684,1.09544511501033,"tank4","heating","yes","Yellow",0.0911607783969772,3.22830483173682,15,2.70805020110221
"11/12/2019","week3","tank4_heating_no_Yellow","D15",31.18619,1.58113883008419,"tank4","heating","no","Yellow",0.458145365937078,3.43997536862153,15,2.70805020110221
"11/8/2019","week3","tank4_heating_no_Black","D11",31.8743068433333,1.34164078649987,"tank4","heating","no","Black",0.29389333245106,3.46180025715064,11,2.39789527279837
"11/8/2019","week3","tank3_heating_no_Black","D11",29.7484716933333,2.34520787991171,"tank3","heating","no","Black",0.852374046119213,3.39277775901941,11,2.39789527279837
"11/8/2019","week3","tank2_control_yes_Black","D11",16.3080704666667,1.48323969741913,"tank2","control","yes","Black",0.394228680182135,2.79166010593533,11,2.39789527279837
"11/8/2019","week3","tank1_control_yes_Black","D11",16.33821498,1.4142135623731,"tank1","control","yes","Black",0.346573590279973,2.79350684111442,11,2.39789527279837
"11/8/2019","week3","tank1_control_no_Black","D11",15.7292558066667,3.3466401061363,"tank1","control","no","Black",1.20795688915052,2.75552240550388,11,2.39789527279837
"11/9/2019","week3","tank3_heating_no_Black","D12",30.4848966666667,1.6431676725155,"tank3","heating","no","Black",0.496625886505142,3.41723136970885,12,2.484906649788
"11/9/2019","week3","tank2_control_yes_Black","D12",16.30807,1.48323969741913,"tank2","control","yes","Black",0.394228680182135,2.79166007731964,12,2.484906649788
"11/9/2019","week3","tank2_control_no_Black","D12",16.26537,1.14017542509914,"tank2","control","no","Black",0.131182132233746,2.78903830789898,12,2.484906649788
"11/10/2019","week3","tank3_heating_no_Black","D13",29.8221133333333,1.6431676725155,"tank3","heating","no","Black",0.496625886505142,3.39525017648788,13,2.56494935746154
"11/10/2019","week3","tank2_control_yes_Black","D13",16.2756733333333,1.51657508881031,"tank2","control","yes","Black",0.416454561467552,2.78967155948665,13,2.56494935746154
"11/10/2019","week3","tank1_control_yes_Black","D13",16.29013,1.34164078649987,"tank1","control","yes","Black",0.29389333245106,2.79055940293816,13,2.56494935746154
"11/11/2019","week3","tank4_heating_no_Black","D14",34.38993,1.09544511501033,"tank4","heating","no","Black",0.0911607783969772,3.53776378896667,14,2.63905732961526
"11/11/2019","week3","tank2_control_no_Black","D14",16.4389366666667,1.09544511501033,"tank2","control","no","Black",0.0911607783969774,2.79965270789307,14,2.63905732961526
"11/12/2019","week3","tank4_heating_no_Black","D15",31.18619,1.73205080756888,"tank4","heating","no","Black",0.549306144334055,3.43997536862153,15,2.70805020110221
"11/12/2019","week3","tank1_control_no_Black","D15",15.6108866666667,1.34164078649987,"tank1","control","no","Black",0.29389333245106,2.74796853411003,15,2.70805020110221
"11/8/2019","week3","tank4_heating_yes_White","D11",25.2786978366667,2.70185121722126,"tank4","heating","yes","White",0.993937174077173,3.22996205832646,11,2.39789527279837
"11/8/2019","week3","tank3_heating_no_White","D11",29.7484716933333,4.82700735445887,"tank3","heating","no","White",1.57422668028583,3.39277775901941,11,2.39789527279837
"11/8/2019","week3","tank1_control_yes_White","D11",16.33821498,1.4142135623731,"tank1","control","yes","White",0.346573590279973,2.79350684111442,11,2.39789527279837
"11/8/2019","week3","tank1_control_no_White","D11",15.7292558066667,1.09544511501033,"tank1","control","no","White",0.0911607783969772,2.75552240550388,11,2.39789527279837
"11/9/2019","week3","tank4_heating_no_White","D12",31.8839066666667,4.72228758124704,"tank4","heating","no","White",1.55229333923304,3.46210138928334,12,2.484906649788
"11/9/2019","week3","tank3_heating_yes_White","D12",26.3677466666667,3.11448230047949,"tank3","heating","yes","White",1.13606294275467,3.27214154607573,12,2.484906649788
"11/9/2019","week3","tank3_heating_no_White","D12",30.4848966666667,2.82842712474619,"tank3","heating","no","White",1.03972077083992,3.41723136970885,12,2.484906649788
"11/9/2019","week3","tank2_control_yes_White","D12",16.30807,1.09544511501033,"tank2","control","yes","White",0.0911607783969774,2.79166007731964,12,2.484906649788
"11/9/2019","week3","tank2_control_no_White","D12",16.26537,1.58113883008419,"tank2","control","no","White",0.458145365937078,2.78903830789898,12,2.484906649788
"11/9/2019","week3","tank1_control_yes_White","D12",16.2997466666667,1.87082869338697,"tank1","control","yes","White",0.626381484247684,2.79114956576965,12,2.484906649788
"11/10/2019","week3","tank2_control_no_White","D13",16.0596633333333,1.51657508881031,"tank2","control","no","White",0.416454561467552,2.77631074524368,13,2.56494935746154
"11/11/2019","week3","tank4_heating_yes_White","D14",25.1306,1.14017542509914,"tank4","heating","yes","White",0.131182132233746,3.22408622711608,14,2.63905732961526
"11/11/2019","week3","tank3_heating_yes_White","D14",26.25226,9.19238815542512,"tank3","heating","yes","White",2.21837576718156,3.26775208056975,14,2.63905732961526
"11/11/2019","week3","tank3_heating_no_White","D14",29.1913533333333,1.30384048104053,"tank3","heating","no","White",0.265314125531085,3.37387254670097,14,2.63905732961526
"11/11/2019","week3","tank1_control_yes_White","D14",16.38309,1.87082869338697,"tank1","control","yes","White",0.626381484247684,2.7962497053224,14,2.63905732961526
"11/12/2019","week3","tank4_heating_yes_White","D15",25.23684,1.14017542509914,"tank4","heating","yes","White",0.131182132233746,3.22830483173682,15,2.70805020110221
"11/12/2019","week3","tank3_heating_yes_White","D15",26.1303566666667,3.04959013639538,"tank3","heating","yes","White",1.11500720007961,3.26309772913958,15,2.70805020110221
"11/12/2019","week3","tank3_heating_no_White","D15",29.8381266666667,2.07364413533277,"tank3","heating","no","White",0.729307511349758,3.39578699409766,15,2.70805020110221
"11/12/2019","week3","tank2_control_no_White","D15",16.60929,1.48323969741913,"tank2","control","no","White",0.394228680182135,2.80996217737746,15,2.70805020110221
"11/12/2019","week3","tank1_control_yes_White","D15",16.3606533333333,1.4142135623731,"tank1","control","yes","White",0.346573590279973,2.79487926517755,15,2.70805020110221
"11/15/2019","week4","tank4_heating_yes_Red","D16",26.84340016,1.14017542509914,"tank4","heating","yes","Red",0.131182132233746,3.29001998664326,16,2.77258872223978
"11/15/2019","week4","tank4_heating_no_Red","D16",31.93831769,3.42052627529741,"tank4","heating","no","Red",1.22979442090186,3.46380647045418,16,2.77258872223978
"11/15/2019","week4","tank3_heating_yes_Red","D16",28.0551351533333,5.01996015920445,"tank3","heating","yes","Red",1.61342199725869,3.33417168663326,16,2.77258872223978
"11/15/2019","week4","tank3_heating_no_Red","D16",31.09324398,1.6431676725155,"tank3","heating","no","Red",0.496625886505142,3.43699056021639,16,2.77258872223978
"11/16/2019","week4","tank4_heating_no_Red","D17",34.5851662366667,1.09544511501033,"tank4","heating","no","Red",0.0911607783969774,3.54342486865273,17,2.83321334405622
"11/16/2019","week4","tank3_heating_no_Red","D17",33.7571738433333,1.8165902124585,"tank3","heating","no","Red",0.596961234236217,3.51919295305221,17,2.83321334405622
"11/16/2019","week4","tank2_control_yes_Red","D17",20.0662996033333,1.34164078649987,"tank2","control","yes","Red",0.29389333245106,2.99904177128667,17,2.83321334405622
"11/16/2019","week4","tank1_control_yes_Red","D17",19.5212564733333,1.51657508881031,"tank1","control","yes","Red",0.416454561467552,2.97150394742431,17,2.83321334405622
"11/17/2019","week4","tank3_heating_no_Red","D18",33.7571738433333,2.48997991959775,"tank3","heating","no","Red",0.912274646025523,3.51919295305221,18,2.89037175789616
"11/17/2019","week4","tank2_control_no_Red","D18",20.8230857233333,1.14017542509914,"tank2","control","no","Red",0.131182132233746,3.036062261779,18,2.89037175789616
"11/18/2019","week4","tank4_heating_yes_Red","D19",27.08808612,1.34164078649987,"tank4","heating","yes","Red",0.29389333245106,3.2990940046533,19,2.94443897916644
"11/18/2019","week4","tank3_heating_no_Red","D19",33.7571738433333,2,"tank3","heating","no","Red",0.693147180559945,3.51919295305221,19,2.94443897916644
"11/18/2019","week4","tank2_control_yes_Red","D19",20.0662996033333,1.14017542509914,"tank2","control","yes","Red",0.131182132233746,2.99904177128667,19,2.94443897916644
"11/18/2019","week4","tank1_control_yes_Red","D19",19.5212564733333,2.07364413533277,"tank1","control","yes","Red",0.729307511349758,2.97150394742431,19,2.94443897916644
"11/19/2019","week4","tank4_heating_yes_Red","D20",27.50018879,3.64691650576209,"tank4","heating","yes","Red",1.29388201761385,3.31419286973987,20,2.99573227355399
"11/19/2019","week4","tank3_heating_no_Red","D20",34.34311034,1.92353840616713,"tank3","heating","no","Red",0.65416640982509,3.53640142620751,20,2.99573227355399
"11/19/2019","week4","tank2_control_yes_Red","D20",20.2023734166667,1.22474487139159,"tank2","control","yes","Red",0.202732554054082,3.00580009337965,20,2.99573227355399
"11/19/2019","week4","tank1_control_yes_Red","D20",19.7007633433333,1.8165902124585,"tank1","control","yes","Red",0.596961234236217,2.9806573833858,20,2.99573227355399
"11/15/2019","week4","tank4_heating_no_Yellow","D16",31.93831769,1.30384048104053,"tank4","heating","no","Yellow",0.265314125531085,3.46380647045418,16,2.77258872223978
"11/15/2019","week4","tank3_heating_yes_Yellow","D16",28.0551351533333,2.16794833886788,"tank3","heating","yes","Yellow",0.773781254358006,3.33417168663326,16,2.77258872223978
"11/15/2019","week4","tank3_heating_no_Yellow","D16",31.09324398,1.09544511501033,"tank3","heating","no","Yellow",0.0911607783969774,3.43699056021639,16,2.77258872223978
"11/16/2019","week4","tank3_heating_yes_Yellow","D17",28.9148697133333,2.50998007960223,"tank3","heating","yes","Yellow",0.920274816698744,3.36435598574955,17,2.83321334405622
"11/16/2019","week4","tank3_heating_no_Yellow","D17",33.7571738433333,1.14017542509914,"tank3","heating","no","Yellow",0.131182132233746,3.51919295305221,17,2.83321334405622
"11/17/2019","week4","tank3_heating_yes_Yellow","D18",28.9148697133333,2.68328157299975,"tank3","heating","yes","Yellow",0.987040513011005,3.36435598574955,18,2.89037175789616
"11/17/2019","week4","tank3_heating_no_Yellow","D18",33.7571738433333,1.67332005306815,"tank3","heating","no","Yellow",0.514809708590579,3.51919295305221,18,2.89037175789616
"11/18/2019","week4","tank4_heating_no_Yellow","D19",34.5851662366667,2.23606797749979,"tank4","heating","no","Yellow",0.80471895621705,3.54342486865273,19,2.94443897916644
"11/18/2019","week4","tank3_heating_no_Yellow","D19",33.7571738433333,1.30384048104053,"tank3","heating","no","Yellow",0.265314125531085,3.51919295305221,19,2.94443897916644
"11/19/2019","week4","tank4_heating_yes_Yellow","D20",27.50018879,1.09544511501033,"tank4","heating","yes","Yellow",0.0911607783969774,3.31419286973987,20,2.99573227355399
"11/19/2019","week4","tank4_heating_no_Yellow","D20",34.6203722033333,4.33589667773576,"tank4","heating","no","Yellow",1.46692843491795,3.54444230079753,20,2.99573227355399
"11/19/2019","week4","tank3_heating_no_Yellow","D20",34.34311034,2.60768096208106,"tank3","heating","no","Yellow",0.95846130609103,3.53640142620751,20,2.99573227355399
"11/15/2019","week4","tank3_heating_no_Black","D16",31.09324398,3.57770876399966,"tank3","heating","no","Black",1.27472258546279,3.43699056021639,16,2.77258872223978
"11/15/2019","week4","tank2_control_yes_Black","D16",19.20125893,1.09544511501033,"tank2","control","yes","Black",0.0911607783969772,2.954975846155,16,2.77258872223978
"11/16/2019","week4","tank4_heating_no_Black","D17",34.5851662366667,9.39148550549912,"tank4","heating","no","Black",2.23980348150637,3.54342486865273,17,2.83321334405622
"11/16/2019","week4","tank3_heating_no_Black","D17",33.7571738433333,5.76194411635517,"tank3","heating","no","Black",1.75127493796122,3.51919295305221,17,2.83321334405622
"11/16/2019","week4","tank2_control_no_Black","D17",20.8230857233333,1.92353840616713,"tank2","control","no","Black",0.65416640982509,3.036062261779,17,2.83321334405622
"11/16/2019","week4","tank1_control_yes_Black","D17",19.5212564733333,1.30384048104053,"tank1","control","yes","Black",0.265314125531085,2.97150394742431,17,2.83321334405622
"11/17/2019","week4","tank3_heating_yes_Black","D18",28.9148697133333,1.09544511501033,"tank3","heating","yes","Black",0.0911607783969774,3.36435598574955,18,2.89037175789616
"11/17/2019","week4","tank3_heating_no_Black","D18",33.7571738433333,12.4177292610203,"tank3","heating","no","Black",2.51912523056461,3.51919295305221,18,2.89037175789616
"11/18/2019","week4","tank3_heating_no_Black","D19",33.7571738433333,11.0317722964173,"tank3","heating","no","Black",2.40077949999674,3.51919295305221,19,2.94443897916644
"11/18/2019","week4","tank2_control_yes_Black","D19",20.0662996033333,1.30384048104053,"tank2","control","yes","Black",0.265314125531085,2.99904177128667,19,2.94443897916644
"11/18/2019","week4","tank2_control_no_Black","D19",20.8230857233333,1.22474487139159,"tank2","control","no","Black",0.202732554054082,3.036062261779,19,2.94443897916644
"11/18/2019","week4","tank1_control_yes_Black","D19",19.5212564733333,2.94957624075053,"tank1","control","yes","Black",1.08166151283027,2.97150394742431,19,2.94443897916644
"11/19/2019","week4","tank4_heating_no_Black","D20",34.6203722033333,3.03315017762062,"tank4","heating","no","Black",1.1096017420275,3.54444230079753,20,2.99573227355399
"11/19/2019","week4","tank3_heating_no_Black","D20",34.34311034,9.98999499499374,"tank3","heating","no","Black",2.30158409165871,3.53640142620751,20,2.99573227355399
"11/19/2019","week4","tank2_control_yes_Black","D20",20.2023734166667,1.14017542509914,"tank2","control","yes","Black",0.131182132233746,3.00580009337965,20,2.99573227355399
"11/15/2019","week4","tank4_heating_yes_White","D16",26.84340016,8.98331787259028,"tank4","heating","yes","White",2.19536928763795,3.29001998664326,16,2.77258872223978
"11/15/2019","week4","tank3_heating_yes_White","D16",28.0551351533333,6.54217089351845,"tank3","heating","yes","White",1.87826905129388,3.33417168663326,16,2.77258872223978
"11/15/2019","week4","tank3_heating_no_White","D16",31.09324398,1.14017542509914,"tank3","heating","no","White",0.131182132233746,3.43699056021639,16,2.77258872223978
"11/15/2019","week4","tank2_control_yes_White","D16",19.20125893,1.09544511501033,"tank2","control","yes","White",0.0911607783969774,2.954975846155,16,2.77258872223978
"11/15/2019","week4","tank1_control_yes_White","D16",18.8128454266667,2.30217288664427,"tank1","control","yes","White",0.833853410279038,2.93453990389091,16,2.77258872223978
"11/15/2019","week4","tank1_control_no_White","D16",18.45171211,1.22474487139159,"tank1","control","no","White",0.202732554054082,2.91515716347111,16,2.77258872223978
"11/16/2019","week4","tank4_heating_no_White","D17",34.5851662366667,1.14017542509914,"tank4","heating","no","White",0.131182132233746,3.54342486865273,17,2.83321334405622
"11/16/2019","week4","tank2_control_yes_White","D17",20.0662996033333,1.14017542509914,"tank2","control","yes","White",0.131182132233746,2.99904177128667,17,2.83321334405622
"11/16/2019","week4","tank1_control_yes_White","D17",19.5212564733333,1.51657508881031,"tank1","control","yes","White",0.416454561467552,2.97150394742431,17,2.83321334405622
"11/17/2019","week4","tank4_heating_no_White","D18",34.5851662366667,1.34164078649987,"tank4","heating","no","White",0.29389333245106,3.54342486865273,18,2.89037175789616
"11/17/2019","week4","tank3_heating_no_White","D18",33.7571738433333,1.30384048104053,"tank3","heating","no","White",0.265314125531085,3.51919295305221,18,2.89037175789616
"11/18/2019","week4","tank3_heating_yes_White","D19",28.9148697133333,4.32434966208793,"tank3","heating","yes","White",1.46426176193027,3.36435598574955,19,2.94443897916644
"11/18/2019","week4","tank3_heating_no_White","D19",33.7571738433333,1.48323969741913,"tank3","heating","no","White",0.394228680182135,3.51919295305221,19,2.94443897916644
"11/18/2019","week4","tank1_control_yes_White","D19",19.5212564733333,1.51657508881031,"tank1","control","yes","White",0.416454561467552,2.97150394742431,19,2.94443897916644
"11/19/2019","week4","tank4_heating_no_White","D20",34.6203722033333,2.19089023002066,"tank4","heating","no","White",0.784307958956923,3.54444230079753,20,2.99573227355399
"11/19/2019","week4","tank3_heating_yes_White","D20",29.1105555633333,3.36154726279432,"tank3","heating","yes","White",1.21240136285915,3.37110084254049,20,2.99573227355399
"11/19/2019","week4","tank3_heating_no_White","D20",34.34311034,3.46410161513775,"tank3","heating","no","White",1.242453324894,3.53640142620751,20,2.99573227355399
"11/19/2019","week4","tank2_control_yes_White","D20",20.2023734166667,1.09544511501033,"tank2","control","yes","White",0.0911607783969772,3.00580009337965,20,2.99573227355399
"11/19/2019","week4","tank2_control_no_White","D20",20.7909438866667,1.14017542509914,"tank2","control","no","White",0.131182132233746,3.0345175018334,20,2.99573227355399
"11/19/2019","week4","tank1_control_yes_White","D20",19.7007633433333,1.51657508881031,"tank1","control","yes","White",0.416454561467552,2.9806573833858,20,2.99573227355399
"11/19/2019","week4","tank1_control_no_White","D20",19.4018525566667,1.22474487139159,"tank1","control","no","White",0.202732554054082,2.96536855412184,20,2.99573227355399
"11/22/2019","week5","tank4_heating_yes_Red","D21",28.7912291833333,7.09224929059886,"tank4","heating","yes","Red",1.95900253855285,3.36007079851412,21,3.04452243772342
"11/22/2019","week5","tank3_heating_no_Red","D21",33.0879895366667,2.19089023002066,"tank3","heating","no","Red",0.784307958956923,3.49917036265848,21,3.04452243772342
"11/23/2019","week5","tank4_heating_yes_Red","D22",29.2709424466667,6.76017751246223,"tank4","heating","yes","Red",1.91104914895008,3.37659529856831,22,3.09104245335832
"11/23/2019","week5","tank3_heating_no_Red","D22",27.9650474933333,2.19089023002066,"tank3","heating","no","Red",0.784307958956923,3.33095542658548,22,3.09104245335832
"11/23/2019","week5","tank2_control_yes_Red","D22",23.2672740733333,1.92353840616713,"tank2","control","yes","Red",0.65416640982509,3.14704782706318,22,3.09104245335832
"11/23/2019","week5","tank2_control_no_Red","D22",23.6033546866667,1.34164078649987,"tank2","control","no","Red",0.29389333245106,3.16138884966964,22,3.09104245335832
"11/23/2019","week5","tank1_control_no_Red","D22",22.3546459366667,1.09544511501033,"tank1","control","no","Red",0.0911607783969772,3.10703417134386,22,3.09104245335832
"11/24/2019","week5","tank4_heating_yes_Red","D23",29.1711363333333,1.22474487139159,"tank4","heating","yes","Red",0.202732554054082,3.37317973866882,23,3.13549421592915
"11/24/2019","week5","tank3_heating_no_Red","D23",34.05174301,1.87082869338697,"tank3","heating","no","Red",0.626381484247684,3.52788122100637,23,3.13549421592915
"11/24/2019","week5","tank2_control_yes_Red","D23",23.57506008,4.12310562561766,"tank2","control","yes","Red",1.41660667202811,3.16018937697863,23,3.13549421592915
"11/25/2019","week5","tank3_heating_yes_Red","D24",30.59905121,1.94935886896179,"tank3","heating","yes","Red",0.66750053336617,3.42096900226848,24,3.17805383034795
"11/25/2019","week5","tank3_heating_no_Red","D24",33.91726578,6.09918027279076,"tank3","heating","no","Red",1.80815438063955,3.52392419977377,24,3.17805383034795
"11/25/2019","week5","tank1_control_yes_Red","D24",23.1658870533333,1.51657508881031,"tank1","control","yes","Red",0.416454561467552,3.14268081096228,24,3.17805383034795
"11/26/2019","week5","tank4_heating_yes_Red","D25",30.2593449433333,2.23606797749979,"tank4","heating","yes","Red",0.80471895621705,3.40980506051629,25,3.2188758248682
"11/26/2019","week5","tank3_heating_yes_Red","D25",30.3231662433333,2.40831891575846,"tank3","heating","yes","Red",0.878928958776187,3.41191198287257,25,3.2188758248682
"11/26/2019","week5","tank3_heating_no_Red","D25",33.2416777966667,8.20365772079747,"tank3","heating","no","Red",2.10458011832534,3.50380444394406,25,3.2188758248682
"11/26/2019","week5","tank2_control_yes_Red","D25",23.5912593433333,1.78885438199983,"tank2","control","yes","Red",0.58157540490284,3.16087627662093,25,3.2188758248682
"11/26/2019","week5","tank1_control_no_Red","D25",22.7129480566667,1.22474487139159,"tank1","control","no","Red",0.202732554054082,3.1229351608438,25,3.2188758248682
"11/22/2019","week5","tank4_heating_yes_Yellow","D21",28.7912291833333,4.24264068711928,"tank4","heating","yes","Yellow",1.44518587894808,3.36007079851412,21,3.04452243772342
"11/22/2019","week5","tank4_heating_no_Yellow","D21",33.4905807433333,2.68328157299975,"tank4","heating","no","Yellow",0.987040513011005,3.51126422745401,21,3.04452243772342
"11/22/2019","week5","tank3_heating_no_Yellow","D21",33.0879895366667,2.54950975679639,"tank3","heating","no","Yellow",0.935901088450796,3.49917036265848,21,3.04452243772342
"11/23/2019","week5","tank4_heating_yes_Yellow","D22",29.2709424466667,3.286335345031,"tank4","heating","yes","Yellow",1.18977306706509,3.37659529856831,22,3.09104245335832
"11/23/2019","week5","tank3_heating_no_Yellow","D22",27.9650474933333,1.51657508881031,"tank3","heating","no","Yellow",0.416454561467552,3.33095542658548,22,3.09104245335832
"11/23/2019","week5","tank2_control_yes_Yellow","D22",23.2672740733333,2.58843582110896,"tank2","control","yes","Yellow",0.95105376319846,3.14704782706318,22,3.09104245335832
"11/24/2019","week5","tank3_heating_no_Yellow","D23",34.05174301,1.09544511501033,"tank3","heating","no","Yellow",0.0911607783969774,3.52788122100637,23,3.13549421592915
"11/26/2019","week5","tank4_heating_yes_Yellow","D25",30.2593449433333,4.33589667773576,"tank4","heating","yes","Yellow",1.46692843491795,3.40980506051629,25,3.2188758248682
"11/26/2019","week5","tank3_heating_no_Yellow","D25",33.2416777966667,2.60768096208106,"tank3","heating","no","Yellow",0.95846130609103,3.50380444394406,25,3.2188758248682
"11/26/2019","week5","tank2_control_yes_Yellow","D25",23.5912593433333,1.09544511501033,"tank2","control","yes","Yellow",0.0911607783969772,3.16087627662093,25,3.2188758248682
"11/22/2019","week5","tank3_heating_yes_Black","D21",29.8772591433333,3.27108544675922,"tank3","heating","yes","Black",1.18512187073393,3.39709762725317,21,3.04452243772342
"11/22/2019","week5","tank3_heating_no_Black","D21",33.0879895366667,10.7563934476199,"tank3","heating","no","Black",2.37550031709982,3.49917036265848,21,3.04452243772342
"11/22/2019","week5","tank2_control_yes_Black","D21",22.6614216133333,1.14017542509914,"tank2","control","yes","Black",0.131182132233746,3.12066399031926,21,3.04452243772342
"11/23/2019","week5","tank3_heating_yes_Black","D22",25.65557751,1.78885438199983,"tank3","heating","yes","Black",0.581575404902841,3.24476099476228,22,3.09104245335832
"11/23/2019","week5","tank3_heating_no_Black","D22",27.9650474933333,11.6490342947388,"tank3","heating","no","Black",2.45522328342041,3.33095542658548,22,3.09104245335832
"11/23/2019","week5","tank1_control_no_Black","D22",22.3546459366667,1.30384048104053,"tank1","control","no","Black",0.265314125531085,3.10703417134386,22,3.09104245335832
"11/24/2019","week5","tank3_heating_no_Black","D23",34.05174301,14.0285423334001,"tank3","heating","no","Black",2.64109399230908,3.52788122100637,23,3.13549421592915
"11/24/2019","week5","tank2_control_yes_Black","D23",23.57506008,1.51657508881031,"tank2","control","yes","Black",0.416454561467552,3.16018937697863,23,3.13549421592915
"11/25/2019","week5","tank3_heating_no_Black","D24",33.91726578,9.82344135219425,"tank3","heating","no","Black",2.28477150417247,3.52392419977377,24,3.17805383034795
"11/25/2019","week5","tank2_control_no_Black","D24",24.5161828766667,2.16794833886788,"tank2","control","no","Black",0.773781254358006,3.19933342507791,24,3.17805383034795
"11/25/2019","week5","tank1_control_yes_Black","D24",23.1658870533333,1.92353840616713,"tank1","control","yes","Black",0.65416640982509,3.14268081096228,24,3.17805383034795
"11/26/2019","week5","tank4_heating_yes_Black","D25",30.2593449433333,10.084641788383,"tank4","heating","yes","Black",2.31101365152726,3.40980506051629,25,3.2188758248682
"11/26/2019","week5","tank3_heating_no_Black","D25",33.2416777966667,5.54075807087803,"tank3","heating","no","Black",1.71213132729658,3.50380444394406,25,3.2188758248682
"11/26/2019","week5","tank2_control_yes_Black","D25",23.5912593433333,1.14017542509914,"tank2","control","yes","Black",0.131182132233746,3.16087627662093,25,3.2188758248682
"11/26/2019","week5","tank1_control_yes_Black","D25",23.07613362,1.09544511501033,"tank1","control","yes","Black",0.0911607783969774,3.1387989068095,25,3.2188758248682
"11/22/2019","week5","tank4_heating_yes_White","D21",28.7912291833333,1.73205080756888,"tank4","heating","yes","White",0.549306144334055,3.36007079851412,21,3.04452243772342
"11/22/2019","week5","tank3_heating_yes_White","D21",29.8772591433333,5.7706152185014,"tank3","heating","yes","White",1.7527786984932,3.39709762725317,21,3.04452243772342
"11/22/2019","week5","tank3_heating_no_White","D21",33.0879895366667,6.94982014155762,"tank3","heating","no","White",1.93871578032926,3.49917036265848,21,3.04452243772342
"11/22/2019","week5","tank2_control_no_White","D21",23.2787221233333,1.30384048104053,"tank2","control","no","White",0.265314125531085,3.14753972974724,21,3.04452243772342
"11/23/2019","week5","tank4_heating_yes_White","D22",29.2709424466667,7.70064932327138,"tank4","heating","yes","White",2.04130465300184,3.37659529856831,22,3.09104245335832
"11/23/2019","week5","tank3_heating_yes_White","D22",25.65557751,2.40831891575846,"tank3","heating","yes","White",0.878928958776187,3.24476099476228,22,3.09104245335832
"11/23/2019","week5","tank3_heating_no_White","D22",27.9650474933333,1.92353840616713,"tank3","heating","no","White",0.65416640982509,3.33095542658548,22,3.09104245335832
"11/23/2019","week5","tank2_control_yes_White","D22",23.2672740733333,2.07364413533277,"tank2","control","yes","White",0.729307511349758,3.14704782706318,22,3.09104245335832
"11/23/2019","week5","tank2_control_no_White","D22",23.6033546866667,1.34164078649987,"tank2","control","no","White",0.29389333245106,3.16138884966964,22,3.09104245335832
"11/23/2019","week5","tank1_control_yes_White","D22",22.8902157866667,1.14017542509914,"tank1","control","yes","White",0.131182132233746,3.13070956103523,22,3.09104245335832
"11/24/2019","week5","tank4_heating_yes_White","D23",29.1711363333333,2.16794833886788,"tank4","heating","yes","White",0.773781254358007,3.37317973866882,23,3.13549421592915
"11/24/2019","week5","tank3_heating_yes_White","D23",29.92537861,2.58843582110896,"tank3","heating","yes","White",0.95105376319846,3.39870690332724,23,3.13549421592915
"11/24/2019","week5","tank3_heating_no_White","D23",34.05174301,3.93700393700591,"tank3","heating","no","White",1.3704200119626,3.52788122100637,23,3.13549421592915
"11/25/2019","week5","tank4_heating_yes_White","D24",29.84402272,2,"tank4","heating","yes","White",0.693147180559945,3.39598457590103,24,3.17805383034795
"11/25/2019","week5","tank1_control_yes_White","D24",23.1658870533333,3.78153408023781,"tank1","control","yes","White",1.33012976863293,3.14268081096228,24,3.17805383034795
"11/26/2019","week5","tank4_heating_yes_White","D25",30.2593449433333,4.2190046219458,"tank4","heating","yes","White",1.43959922864902,3.40980506051629,25,3.2188758248682
"11/26/2019","week5","tank3_heating_yes_White","D25",30.3231662433333,1.48323969741913,"tank3","heating","yes","White",0.394228680182135,3.41191198287257,25,3.2188758248682
"11/26/2019","week5","tank1_control_yes_White","D25",23.07613362,1.09544511501033,"tank1","control","yes","White",0.0911607783969772,3.1387989068095,25,3.2188758248682
